SKU;;CATEGORÍA;MARCA;PRESENTACIÓN;COSTO;LISTA 1;NETO 1;MARGEN 1;LISTA 2;NETO 2;MARGEN 2;;;;;;;;
CON00377;;Consumibles;CleanCarrier;Caja;$1.730;$2.890;$2.429;29%;$2.890;$2.429;29%;;;;;;;;
CON00378;;Consumibles;CleanCarrier;Unidad;$4.790;$7.990;$6.714;29%;$7.990;$6.714;29%;;;;;;;;
CON00379;;Consumibles;CleanCarrier;Unidad;$1.120;$1.870;$1.571;29%;$1.870;$1.571;29%;;;;;;;;
CON00380;;Consumibles;CleanCarrier;Unidad;$510;$850;$714;29%;$850;$714;29%;;;;;;;;
CON00381;;Consumibles;CleanCarrier;Unidad;$145;$250;$210;31%;$250;$210;31%;;;;;;;;
CON00382;;Consumibles;CleanCarrier;Unidad;$205;$340;$286;28%;$340;$286;28%;;;;;;;;
CON00383;;Consumibles;CleanCarrier;Unidad;$175;$300;$252;31%;$300;$252;31%;;;;;;;;
CON00384;;Consumibles;CleanCarrier;Unidad;$710;$1.190;$1.000;29%;$1.190;$1.000;29%;;;;;;;;
CON00385;;Consumibles;CleanCarrier;Unidad;$130;$220;$185;30%;$220;$185;30%;;;;;;;;
CON00386;;Consumibles;CleanCarrier;Unidad;$200;$340;$286;30%;$340;$286;30%;;;;;;;;
CON00387;;Consumibles;CleanCarrier;Unidad;$230;$390;$328;30%;$390;$328;30%;;;;;;;;
CON00388;;Consumibles;CleanCarrier;Unidad;$1.400;$2.340;$1.966;29%;$2.340;$1.966;29%;;;;;;;;
CON00389;;Consumibles;CleanCarrier;Unidad;$263;$420;$353;25%;$420;$353;25%;;;;;;;;
CON00390;;Consumibles;CleanCarrier;Unidad;$310;$520;$437;29%;$520;$437;29%;;;;;;;;
CON00391;;Consumibles;CleanCarrier;Unidad;$710;$1.190;$1.000;29%;$1.190;$1.000;29%;;;;;;;;
CON00392;;Consumibles;CleanCarrier;Caja;$9.000;$15.000;$12.605;29%;$15.000;$12.605;29%;;;;;;;;
CON00393;;Consumibles;CleanCarrier;Caja;$8.400;$14.000;$11.765;29%;$14.000;$11.765;29%;;;;;;;;
CON00394;;Consumibles;CleanCarrier;Unidad;$320;$540;$454;29%;$540;$454;29%;;;;;;;;
CON00395;;Consumibles;CleanCarrier;Unidad;$1.130;$1.750;$1.471;23%;$1.750;$1.471;23%;;;;;;;;
CON00396;;Consumibles;CleanCarrier;Unidad;$1.130;$1.750;$1.471;23%;$1.750;$1.471;23%;;;;;;;;
CON00397;;Consumibles;CleanCarrier;Unidad;$1.130;$1.750;$1.471;23%;$1.750;$1.471;23%;;;;;;;;
CON00398;;Consumibles;CleanCarrier;Unidad;$1.130;$1.750;$1.471;23%;$1.750;$1.471;23%;;;;;;;;
CON00399;;Consumibles;CleanCarrier;Unidad;$950;$1.590;$1.336;29%;$1.590;$1.336;29%;;;;;;;;
CON00400;;Consumibles;CleanCarrier;Unidad;$950;$1.590;$1.336;29%;$1.590;$1.336;29%;;;;;;;;
CON00401;;Consumibles;CleanCarrier;Unidad;$900;$1.500;$1.261;29%;$1.500;$1.261;29%;;;;;;;;
CON00402;;Consumibles;CleanCarrier;Unidad;$900;$1.500;$1.261;29%;$1.500;$1.261;29%;;;;;;;;
CON00403;;Consumibles;CleanCarrier;Unidad;$390;$650;$546;29%;$650;$546;29%;;;;;;;;
CON00404;;Consumibles;CleanCarrier;Unidad;$390;$650;$546;29%;$650;$546;29%;;;;;;;;
CON00405;;Consumibles;CleanCarrier;Bolsa;$1.640;$2.740;$2.303;29%;$2.740;$2.303;29%;;;;;;;;
CON00406;;Consumibles;CleanCarrier;Bolsa;$1.260;$2.000;$1.681;25%;$2.000;$1.681;25%;;;;;;;;
CON00407;;Consumibles;CleanCarrier;Bolsa;$1.990;$3.250;$2.731;27%;$3.250;$2.731;27%;;;;;;;;
CON00408;;Consumibles;CleanCarrier;Bolsa;$2.050;$3.400;$2.857;28%;$3.400;$2.857;28%;;;;;;;;
CON00409;;Consumibles;CleanCarrier;Unidad;$140;$230;$193;28%;$230;$193;28%;;;;;;;;
CON00410;;Consumibles;CleanCarrier;Unidad;$450;$740;$622;28%;$740;$622;28%;;;;;;;;
CON00411;;Consumibles;CleanCarrier;Caja;$3.850;$6.340;$5.328;28%;$6.340;$5.328;28%;;;;;;;;
CON00412;;Consumibles;CleanCarrier;Caja;$1.650;$2.670;$2.244;26%;$2.670;$2.244;26%;;;;;;;;
CON00413;;Consumibles;CleanCarrier;Caja;$2.450;$4.000;$3.361;27%;$4.000;$3.361;27%;;;;;;;;
CON00414;;Consumibles;CleanCarrier;Unidad;$168;$270;$227;26%;$270;$227;26%;;;;;;;;
CON00415;;Consumibles;CleanCarrier;Unidad;$545;$870;$731;25%;$870;$731;25%;;;;;;;;
CON00416;;Consumibles;CleanCarrier;Unidad;$530;$890;$748;29%;$890;$748;29%;;;;;;;;
CON00417;;Consumibles;CleanCarrier;Bolsa;$168;$270;$227;26%;$270;$227;26%;;;;;;;;
CON00418;;Consumibles;CleanCarrier;Bolsa;$445;$740;$622;28%;$740;$622;28%;;;;;;;;
CON00419;;Consumibles;CleanCarrier;Bolsa;$585;$970;$815;28%;$970;$815;28%;;;;;;;;
CON00420;;Consumibles;CleanCarrier;Bolsa;$478;$790;$664;28%;$790;$664;28%;;;;;;;;
CON00421;;Consumibles;CleanCarrier;Caja;$2.490;$4.000;$3.361;26%;$4.000;$3.361;26%;;;;;;;;
CON00422;;Consumibles;CleanCarrier;Caja;$1.330;$2.150;$1.807;26%;$2.150;$1.807;26%;;;;;;;;
CON00423;;Consumibles;CleanCarrier;Caja;$1.850;$3.000;$2.521;27%;$3.000;$2.521;27%;;;;;;;;
CON00424;;Consumibles;CleanCarrier;Caja;$3.780;$6.170;$5.185;27%;$6.170;$5.185;27%;;;;;;;;
CON00425;;Consumibles;CleanCarrier;Caja;$755;$1.240;$1.042;28%;$1.240;$1.042;28%;;;;;;;;
CON00426;;Consumibles;CleanCarrier;Bolsa;$990;$1.650;$1.387;29%;$1.650;$1.387;29%;;;;;;;;
CON00427;;Consumibles;CleanCarrier;Bolsa;$1.490;$2.340;$1.966;24%;$2.340;$1.966;24%;;;;;;;;
CON00428;;Consumibles;CleanCarrier;Bolsa;$1.100;$1.750;$1.471;25%;$1.750;$1.471;25%;;;;;;;;
CON00429;;Consumibles;CleanCarrier;Bolsa;$5.990;$9.670;$8.126;26%;$9.670;$8.126;26%;;;;;;;;
CON00430;;Consumibles;CleanCarrier;Caja;$2.790;$4.500;$3.782;26%;$4.350;$3.655;24%;;;;;;;;
CON00431;;Consumibles;CleanCarrier;Caja;$2.790;$4.500;$3.782;26%;$4.350;$3.655;24%;;;;;;;;
CON00432;;Consumibles;CleanCarrier;Caja;$2.790;$4.500;$3.782;26%;$4.350;$3.655;24%;;;;;;;;
CON00433;;Consumibles;CleanCarrier;Caja;$2.790;$4.500;$3.782;26%;$4.350;$3.655;24%;;;;;;;;
CON00434;;Consumibles;CleanCarrier;Caja;$2.790;$4.500;$3.782;26%;$4.350;$3.655;24%;;;;;;;;
CON00435;;Consumibles;CleanCarrier;Caja;$2.990;$4.500;$3.782;21%;$4.500;$3.782;21%;;;;;;;;
CON00436;;Consumibles;CleanCarrier;Caja;$2.990;$4.500;$3.782;21%;$4.500;$3.782;21%;;;;;;;;
CON00437;;Consumibles;CleanCarrier;Caja;$2.990;$4.500;$3.782;21%;$4.500;$3.782;21%;;;;;;;;
CON00438;;Consumibles;CleanCarrier;Caja;$2.990;$4.500;$3.782;21%;$4.500;$3.782;21%;;;;;;;;
CON00439;;Consumibles;CleanCarrier;Caja;$3.100;$4.900;$4.118;25%;$4.900;$4.118;25%;;;;;;;;
CON00440;;Consumibles;CleanCarrier;Caja;$3.100;$4.900;$4.118;25%;$4.900;$4.118;25%;;;;;;;;
CON00441;;Consumibles;CleanCarrier;Caja;$3.100;$4.900;$4.118;25%;$4.900;$4.118;25%;;;;;;;;
CON00442;;Consumibles;CleanCarrier;Caja;$3.100;$4.900;$4.118;25%;$4.900;$4.118;25%;;;;;;;;
CON00443;;Consumibles;CleanCarrier;Caja;$1.790;$2.790;$2.345;24%;$2.700;$2.269;21%;;;;;;;;
CON00444;;Consumibles;CleanCarrier;Caja;$1.790;$2.790;$2.345;24%;$2.700;$2.269;21%;;;;;;;;
CON00445;;Consumibles;CleanCarrier;Caja;$1.790;$2.790;$2.345;24%;$2.700;$2.269;21%;;;;;;;;
CON00446;;Consumibles;CleanCarrier;Caja;$1.650;$2.590;$2.176;24%;$2.500;$2.101;21%;;;;;;;;
CON00447;;Consumibles;CleanCarrier;Caja;$1.650;$2.590;$2.176;24%;$2.500;$2.101;21%;;;;;;;;
CON00448;;Consumibles;CleanCarrier;Caja;$1.650;$2.590;$2.176;24%;$2.500;$2.101;21%;;;;;;;;
CON00449;;Consumibles;CleanCarrier;Caja;$1.540;$2.390;$2.008;23%;$2.350;$1.975;22%;;;;;;;;
CON00450;;Consumibles;CleanCarrier;Caja;$1.540;$2.390;$2.008;23%;$2.350;$1.975;22%;;;;;;;;
CON00451;;Consumibles;CleanCarrier;Caja;$1.540;$2.390;$2.008;23%;$2.350;$1.975;22%;;;;;;;;
CON00452;;Consumibles;CleanCarrier;Caja;$1.540;$2.390;$2.008;23%;$2.350;$1.975;22%;;;;;;;;
CON00453;;Consumibles;CleanCarrier;Caja;$3.190;$4.900;$4.118;23%;$4.800;$4.034;21%;;;;;;;;
CON00454;;Consumibles;CleanCarrier;Caja;$3.190;$4.900;$4.118;23%;$4.800;$4.034;21%;;;;;;;;
CON00455;;Consumibles;CleanCarrier;Unidad;$310;$520;$437;29%;$520;$437;29%;;;;;;;;
CON00456;;Consumibles;CleanCarrier;Unidad;$310;$520;$437;29%;$520;$437;29%;;;;;;;;
CON00457;;Consumibles;CleanCarrier;Unidad;$310;$520;$437;29%;$520;$437;29%;;;;;;;;
CON00458;;Consumibles;CleanCarrier;Unidad;$550;$920;$773;29%;$920;$773;29%;;;;;;;;
CON00459;;Consumibles;CleanCarrier;Unidad;$550;$920;$773;29%;$920;$773;29%;;;;;;;;
CON00460;;Consumibles;CleanCarrier;Bolsa;$1.290;$2.150;$1.807;29%;$2.150;$1.807;29%;;;;;;;;
CON00461;;Consumibles;CleanCarrier;Bolsa;$1.290;$2.150;$1.807;29%;$2.150;$1.807;29%;;;;;;;;
CON00462;;Consumibles;CleanCarrier;Caja;$680;$1.140;$958;29%;$1.140;$958;29%;;;;;;;;
CON00463;;Consumibles;CleanCarrier;Caja;$580;$970;$815;29%;$970;$815;29%;;;;;;;;
CON00464;;Consumibles;CleanCarrier;Unidad;$470;$790;$664;29%;$790;$664;29%;;;;;;;;
CON00465;;Consumibles;CleanCarrier;Unidad;$470;$790;$664;29%;$790;$664;29%;;;;;;;;
CON00466;;Consumibles;CleanCarrier;Unidad;$470;$790;$664;29%;$790;$664;29%;;;;;;;;
CON00467;;Consumibles;CleanCarrier;Unidad;$800;$1.340;$1.126;29%;$1.340;$1.126;29%;;;;;;;;
CON00468;;Consumibles;CleanCarrier;Unidad;$140;$240;$202;31%;$240;$202;31%;;;;;;;;
CON00469;;Consumibles;CleanCarrier;Bolsa;$3.000;$5.000;$4.202;29%;$5.000;$4.202;29%;;;;;;;;
CON00470;;Consumibles;CleanCarrier;Bolsa;$3.150;$5.250;$4.412;29%;$5.250;$4.412;29%;;;;;;;;
CON00471;;Consumibles;CleanCarrier;Bolsa;$490;$820;$689;29%;$820;$689;29%;;;;;;;;
CON00472;;Consumibles;CleanCarrier;Bolsa;$700;$1.170;$983;29%;$1.170;$983;29%;;;;;;;;
CON00473;;Consumibles;CleanCarrier;Bolsa;$2.300;$3.840;$3.227;29%;$3.840;$3.227;29%;;;;;;;;
CON00474;;Consumibles;CleanCarrier;Unidad;$800;$1.340;$1.126;29%;$1.340;$1.126;29%;;;;;;;;
CON00475;;Consumibles;CleanCarrier;Unidad;$800;$1.340;$1.126;29%;$1.340;$1.126;29%;;;;;;;;
CON00476;;Consumibles;CleanCarrier;Caja;$2.700;$4.500;$3.782;29%;$4.500;$3.782;29%;;;;;;;;
CON00477;;Consumibles;CleanCarrier;Caja;$3.150;$5.250;$4.412;29%;$5.250;$4.412;29%;;;;;;;;
CON00478;;Consumibles;CleanCarrier;Caja;$1.640;$2.740;$2.303;29%;$2.740;$2.303;29%;;;;;;;;
CON00479;;Consumibles;CleanCarrier;Caja;$2.560;$4.270;$3.588;29%;$4.270;$3.588;29%;;;;;;;;
CON00480;;Consumibles;Cranberry;Unidad;$1.400;$2.500;$2.101;33%;$2.500;$2.101;33%;;;;;;;;
FGM0004;;OPERATORIA;FGM;Unidad;$17.839;$30.490;$25.622;30%;$27.500;$23.109;23%;;;;;;;;
FGM0005;;OPERATORIA;FGM;Unidad;$17.839;$30.490;$25.622;30%;$27.500;$23.109;23%;;;;;;;;
FGM0006;;OPERATORIA;FGM;Unidad;$19.610;$33.300;$27.983;30%;$29.900;$25.126;22%;;;;;;;;
FGM0007;;OPERATORIA;FGM;Unidad;$19.610;$33.900;$28.487;31%;$29.900;$25.126;22%;;;;;;;;
FGM0018;;OPERATORIA;FGM;Unidad;$17.066;$29.000;$24.370;30%;$26.500;$22.269;23%;;;;;;;;
FGM0003;;OPERATORIA;FGM;Unidad;$4.894;$8.320;$6.992;30%;$7.500;$6.303;22%;;;;;;;;
FGM0011;;BLANQUEAMIENTO;FGM;Unidad;$4.073;$6.900;$5.798;30%;$6.500;$5.462;25%;;;;;;;;
FGM0002;;OPERATORIA;FGM;Unidad;$5.973;$10.150;$8.529;30%;$8.990;$7.555;21%;;;;;;;;
FGM0008;;OPERATORIA;FGM;Unidad;$9.757;$16.580;$13.933;30%;$14.900;$12.521;22%;;;;;;;;
FGM0009;;OPERATORIA;FGM;Unidad;$9.757;$16.580;$13.933;30%;$14.900;$12.521;22%;;;;;;;;
FGM0010;;OPERATORIA;FGM;Unidad;$9.757;$16.580;$13.933;30%;$14.900;$12.521;22%;;;;;;;;
FGM0013;;OPERATORIA;FGM;Unidad;$12.478;$21.200;$17.815;30%;$19.300;$16.218;23%;;;;;;;;
FGM0014;;OPERATORIA;FGM;Unidad;$12.478;$21.200;$17.815;30%;$19.300;$16.218;23%;;;;;;;;
FGM0012;;OPERATORIA;FGM;Unidad;$5.699;$9.690;$8.143;30%;$8.900;$7.479;24%;;;;;;;;
FGM0017;;BLANQUEAMIENTO;FGM;Unidad;$14.265;$24.250;$20.378;30%;$22.000;$18.487;23%;;;;;;;;
FGM0019;;BLANQUEAMIENTO;FGM;Unidad;$16.052;$27.200;$22.857;30%;$25.000;$21.008;24%;;;;;;;;
FGM0020;;BLANQUEAMIENTO;FGM;Unidad;$37.274;$63.300;$53.193;30%;$59.000;$49.580;25%;;;;;;;;
FGM0021;;BLANQUEAMIENTO;FGM;Unidad;$14.265;$24.250;$20.378;30%;$21.900;$18.403;22%;;;;;;;;
FGM0015;;OPERATORIA;FGM;Unidad;$14.265;$24.250;$20.378;30%;$22.500;$18.908;25%;;;;;;;;
FGM0016;;OPERATORIA;FGM;Unidad;$15.359;$26.100;$21.933;30%;$23.900;$20.084;24%;;;;;;;;
FGM0022;;BLANQUEAMIENTO;FGM;Unidad;$6.247;$10.620;$8.924;30%;$9.500;$7.983;22%;;;;;;;;
